Id,Title,Labels,Iteration,Iteration Start,Iteration End,Type,Estimate,Current State,Created at,Accepted at,Deadline,Requested By,Description,URL,GitHub ID,Integration,Owned By,Owned By,Owned By
3152927,Report Module,report module,,,,epic,,,"Nov 17, 2016",,,,"Generate detail report, exception report and summary report",https://www.pivotaltracker.com/epic/show/3152927,,,,,
3152911,Payment module,payment module,,,,epic,,,"Nov 17, 2016",,,,insert the item purchased by user and bill with valid payment amount & check for payment transaction,https://www.pivotaltracker.com/epic/show/3152911,,,,,
3152875,Supplier Module,supplier module,,,,epic,,,"Nov 17, 2016",,,,CRUD function,https://www.pivotaltracker.com/epic/show/3152875,,,,,
3152869,Inventory Module,inventory module,,,,epic,,,"Nov 17, 2016",,,,Add product & Display product & Update product price & Delete product & Add On Product Quantity(restock),https://www.pivotaltracker.com/epic/show/3152869,,,,,
3152865,customer module,customer module,,,,epic,,,"Nov 17, 2016",,,,CRUD function & prize redemption function & view redemption record function,https://www.pivotaltracker.com/epic/show/3152865,,,,,
3152845,management module,management module,,,,epic,,,"Nov 17, 2016",,,,"contain login function(verify username & password, remember me, forget password) and manage staff function(CRUD)",https://www.pivotaltracker.com/epic/show/3152845,,,,,
134502967,allow staff to login,management module,3,"Nov 28, 2016","Dec 4, 2016",feature,1,started,"Nov 17, 2016",,,Ky Lam,provide login function to the staff based on position,https://www.pivotaltracker.com/story/show/134502967,,,Lee Chan Guan,Ky Lam,Lee Hwei Shen
134503183,allow staff to retrieve staff,management module,3,"Nov 28, 2016","Dec 4, 2016",feature,1,started,"Nov 17, 2016",,,Ky Lam,read staff info,https://www.pivotaltracker.com/story/show/134503183,,,Lim Cyhe Yik,Teoh Eng Sin,Ky Lam
134503215,allow staff to update staff,management module,3,"Nov 28, 2016","Dec 4, 2016",feature,1,started,"Nov 17, 2016",,,Lee Hwei Shen,update staff info,https://www.pivotaltracker.com/story/show/134503215,,,Lim Cyhe Yik,Teoh Eng Sin,Lee Hwei Shen
134503377,allow staff to change own password,management module,3,"Nov 28, 2016","Dec 4, 2016",feature,1,started,"Nov 17, 2016",,,Teoh Eng Sin,,https://www.pivotaltracker.com/story/show/134503377,,,Ky Lam,Teoh Eng Sin,Lim Cyhe Yik
134503029,staff position verification,management module,3,"Nov 28, 2016","Dec 4, 2016",feature,1,started,"Nov 17, 2016",,,Lim Cyhe Yik,authorization &authentication,https://www.pivotaltracker.com/story/show/134503029,,,Ky Lam,Lee Hwei Shen,Lim Cyhe Yik
134503097,password recovery,management module,3,"Nov 28, 2016","Dec 4, 2016",feature,1,started,"Nov 17, 2016",,,Ky Lam,,https://www.pivotaltracker.com/story/show/134503097,,,Lee Chan Guan,Ky Lam,Lee Hwei Shen
134503121,allow system to remember user,management module,3,"Nov 28, 2016","Dec 4, 2016",feature,1,started,"Nov 17, 2016",,,Lee Chan Guan,remember me function,https://www.pivotaltracker.com/story/show/134503121,,,Lee Chan Guan,Ky Lam,Lee Hwei Shen
134503247,allow staff to delete staff detail,management module,3,"Nov 28, 2016","Dec 4, 2016",feature,1,started,"Nov 17, 2016",,,Lee Hwei Shen,,https://www.pivotaltracker.com/story/show/134503247,,,Lim Cyhe Yik,Teoh Eng Sin,Lee Hwei Shen
134503175,allow admin to create new staff detail,management module,3,"Nov 28, 2016","Dec 4, 2016",feature,1,started,"Nov 17, 2016",,,Lim Cyhe Yik,create member,https://www.pivotaltracker.com/story/show/134503175,,,Lee Chan Guan,Lim Cyhe Yik,Teoh Eng Sin
134505065,Allow staff to generate summary report,report module,,,,feature,,unscheduled,"Nov 17, 2016",,,Teoh Eng Sin,such as stock availability summary report,https://www.pivotaltracker.com/story/show/134505065,,,Ky Lam,Lee Hwei Shen,Teoh Eng Sin
134505019,Allow staff to generate exception report,report module,,,,feature,,unscheduled,"Nov 17, 2016",,,Ky Lam,such as top prize redemption exception report,https://www.pivotaltracker.com/story/show/134505019,,,Lim Cyhe Yik,Lee Hwei Shen,Ky Lam
134504961,Allow staff to generate detail report,report module,,,,feature,,unscheduled,"Nov 17, 2016",,,Teoh Eng Sin,such as existing staff detail report and daily sales detail report,https://www.pivotaltracker.com/story/show/134504961,,,Lee Chan Guan,Teoh Eng Sin,Ky Lam
134504811,Allow staff to check for payment transaction,payment module,,,,feature,,unscheduled,"Nov 17, 2016",,,Lee Hwei Shen,check the payment transaction base on payment id,https://www.pivotaltracker.com/story/show/134504811,,,Lim Cyhe Yik,Teoh Eng Sin,Lee Hwei Shen
134504773,Allow staff to make payment,payment module,,,,feature,,unscheduled,"Nov 17, 2016",,,Lee Chan Guan,process the bill with valid payment amount,https://www.pivotaltracker.com/story/show/134504773,,,Lee Chan Guan,Ky Lam,Lim Cyhe Yik
134504667,Allow staff to add in payment detail,payment module,,,,feature,,unscheduled,"Nov 17, 2016",,,Lee Hwei Shen,add purchased item,https://www.pivotaltracker.com/story/show/134504667,,,Lee Chan Guan,Lee Hwei Shen,Teoh Eng Sin
134504491,Allow staff to delete supplier,supplier module,,,,feature,1,unscheduled,"Nov 17, 2016",,,Lim Cyhe Yik,delete the supplier base on supplier id,https://www.pivotaltracker.com/story/show/134504491,,,Lee Chan Guan,Ky Lam,Lim Cyhe Yik
134504469,Allow staff to update supplier information,supplier module,,,,feature,1,unscheduled,"Nov 17, 2016",,,Ky Lam,update the supplier detail base on supplier id,https://www.pivotaltracker.com/story/show/134504469,,,Lee Chan Guan,Ky Lam,Teoh Eng Sin
134504405,Allow staff to view supplier detail,supplier module,,,,feature,1,unscheduled,"Nov 17, 2016",,,Lee Hwei Shen,check supplier detail base on supplier id and supplier name,https://www.pivotaltracker.com/story/show/134504405,,,Lee Chan Guan,Lim Cyhe Yik,Lee Hwei Shen
134504383,allow staff to register new supplier,supplier module,,,,feature,1,unscheduled,"Nov 17, 2016",,,Teoh Eng Sin,add new supplier,https://www.pivotaltracker.com/story/show/134504383,,,Lee Chan Guan,Teoh Eng Sin,Ky Lam
134504279,Allow staff to add on product quantity,inventory module,,,,feature,,unscheduled,"Nov 17, 2016",,,Lee Chan Guan,check the product quantity and restock the product,https://www.pivotaltracker.com/story/show/134504279,,,Lee Chan Guan,Lee Hwei Shen,Lim Cyhe Yik
134504277,allow staff to delete product,inventory module,,,,feature,,unscheduled,"Nov 17, 2016",,,Ky Lam,delete the product base on the product id when the quantity available is 0,https://www.pivotaltracker.com/story/show/134504277,,,Lee Chan Guan,Ky Lam,Lee Hwei Shen
134504159,Allow staff to update product price,inventory module,,,,feature,,unscheduled,"Nov 17, 2016",,,Teoh Eng Sin,update the product price base on the product id,https://www.pivotaltracker.com/story/show/134504159,,,Teoh Eng Sin,Lee Hwei Shen,Lee Chan Guan
134504119,Allow staff to view product detail,inventory module,,,,feature,,unscheduled,"Nov 17, 2016",,,Ky Lam,"check product detail base on product id, product name, product category and supplier id",https://www.pivotaltracker.com/story/show/134504119,,,Lee Chan Guan,Ky Lam,Teoh Eng Sin
134504093,Allow staff to register for new product,inventory module,,,,feature,,unscheduled,"Nov 17, 2016",,,Lee Hwei Shen,add new product,https://www.pivotaltracker.com/story/show/134504093,,,Lee Chan Guan,Lee Hwei Shen,Ky Lam
134503969,allow customer to view the redeem transaction,customer module,,,,feature,1,unscheduled,"Nov 17, 2016",,,Lim Cyhe Yik,check the previous redeem transaction record,https://www.pivotaltracker.com/story/show/134503969,,,Lee Chan Guan,Lee Hwei Shen,Ky Lam
134503897,allow customer to redeem prize,customer module,,,,feature,1,unscheduled,"Nov 17, 2016",,,Teoh Eng Sin,redeem prize base on customer point amount,https://www.pivotaltracker.com/story/show/134503897,,,Lee Chan Guan,Teoh Eng Sin,Lim Cyhe Yik
134503777,delete member info,customer module,,,,feature,1,unscheduled,"Nov 17, 2016",,,Ky Lam,,https://www.pivotaltracker.com/story/show/134503777,,,Lee Chan Guan,Teoh Eng Sin,Lee Hwei Shen
134503769,update member info,customer module,,,,feature,1,unscheduled,"Nov 17, 2016",,,Lim Cyhe Yik,,https://www.pivotaltracker.com/story/show/134503769,,,Lee Chan Guan,Ky Lam,Lim Cyhe Yik
134503763,retrieve member info,customer module,,,,feature,1,unscheduled,"Nov 17, 2016",,,Lee Chan Guan,,https://www.pivotaltracker.com/story/show/134503763,,,Lee Chan Guan,Ky Lam,Lim Cyhe Yik
134503727,add new customer,customer module,,,,feature,1,unscheduled,"Nov 17, 2016",,,Teoh Eng Sin,,https://www.pivotaltracker.com/story/show/134503727,,,Lee Chan Guan,Ky Lam,Teoh Eng Sin
